epoch,acc,loss,val_acc,val_loss
0,0.9803322197490708,0.05800120936729849,0.9839523786153549,0.04677287995433196
1,0.9894996995253187,0.02803058431510856,0.9848819313905178,0.04200742594324625
